Serial Number,Filename,UUID,Sha256
1,adewale-the-amebo,cad316c3-37f8-4b27-9f53-9d803bfcfee7,f0cb30ebc3665cf7c058f81a28ee95eb781e4a956176128f34423d1dde876763
2,alli-the-queeny,a57ecda4-a26f-4e97-a757-e1800af39aab,fbf52825b95be5b8c101a68c1fc5f13f4ee0c8d761eaceaa46cffe91bca89647
3,aminat-the-snnobish,0e37ed0d-3e84-4f32-a91f-ec9c4ba8c7de,b5ab0505edbddd8c8c9536128643ce8ecae16146d8ae22d90653cd37dd05633c
4, ,4f30b751-96e7-40fe-97fd-e3d44973ff2f,1a1524607520401437c58c7aceb961614cdc81a33adfc4844526c099cc64af2a
5,chibuike-the-kudibag,5ce854f2-7ac1-46fd-b3fe-57583935d1e5,c8619292e83e4be1649ad2e4d40659ad71842976a2b7098e0669b0fc3853c46a
6,chidinma-the-model,c98db72e-49ac-4ca6-89d5-e00f5fbbcc45,d819557c9743228b8f1f3227606ec014eed67e7ef0ef8d703d59bb99a7256fac
7,chioma-pretty- girl,182ea888-a85b-42ca-ad73-ed4f8f9aa5c7,3040a78b78e42cf2e7aff5ae5407eb8696d86c7c80b634e69e2d39a02ad6810c
8,damilare-the-handsome,27eca2dc-d7df-474a-8f8f-1858152c711e,6df08b6f4c8f2442b8baeb1722c3c6db2ed4c5ca4f1bb8216a3ff8cc067a40a3
9,ebiowie-the-planter,f1df8270-4d60-4bd4-8959-ba7c384db5c4,831e4f029991097667665e5d6359ba8a22330c52a15c693a4329dbb8bfaeb799
10,emeka-the-businessman,9b3d75da-4887-4089-aee4-50de3954fdc9,fa006564627b6e760d0b59cdc7d351d8eb4bd30abe183f792e4ffb11724fc995
11,gbeminyi-the-monk,c8b1fd1d-8551-4bb4-8dc4-923a9aeb39fb,81a2c34be6072a554d9fbac9e8875281087783878c0873916081dbe8c6939a72
12,henry-the-sportsman,e1225451-bfdf-4a1f-8d37-9cce3a0bd67b,762ac779f26bbcf10b29b33d4109cc00c454a567855a3c3ba676927b003369e3
13,mayowa-the-smallie,dfbb4163-df24-4d54-b74c-6218a68df8bd,b1e7087d0e220996575127d7338632225de999a24b7f5fa81a011677707dbc69
14,muyiwa-the-stylish,dcf9d5a0-57b7-4126-a05e-6c8f1045d3f7,e51911cf42cd222f6c4d6fc7e7f0bb54e8e561359cf71c115d6b0fe66e722bd5
15,nina-paper-chaser,59524227-dc52-407c-8cca-e9e8c5fb3018,5b42acfb4084acf1bac0f92a598235894917b8540e02535568e24a27f7bfccda
16,oluwaseun-spicy,808f7007-6552-4efa-bd13-4b7c337b102b,641529606cb1bc46f42bb65cc77d771d5950ff5c903415ed0c246cc6a5d26502
17,sesan-the-smartie,ba3edda7-8940-4ca4-97ba-826398d5909f,46dc0f9759af2264af0bfe2c94b93a0738a52750f28b61de178dbef9d35f662f
18,tiwa-london,78da7aeb-8352-4e25-89ac-dc48b5984089,b9bcc794b9bf5ac6afac08e58eec529ae20e5891cb657c597b627662ce12716d
19,tunde-yoruba-demon,53b46bd7-a537-402b-b249-0b4074a8faae,00c81e47a8fe7aa79d634a6eb975524688bbee7d540998d9ca2d60c0cd6e9a2f
20,yakubu-the-zombie,4adb6781-1614-424e-8f77-fe59ffca2209,4f74813f4d2d39e3c2b57357f0506625431d398149961ec604d01b65be4b2ac7
21,abdul-the-vibe,770f817a-9d9a-4772-9a91-e66dd9d03470,e9b194bff7715062cfa06759fc6d13ce2cce145e85c0e1334bab9030e737a017
22,emeka-the -clown,78810fa6-a7ef-4d83-bf57-caf49db4ee69,7534b06cbe0729eef53cf84b9bd95fe6ed57aca5584f4b2058333e42b4492dc7
23,salam-the-odogwu,f2957ded-022c-4b07-92c6-b345d4816a67,80dd328f2f8b9172c426571dc236242256af7ef284bc9015528e19f87f37275c
24,charles-the-exporter,09395e76-19ed-4852-8748-795ee7496a8e,bbfcf009dded3bd7c37ff016fc716d8770d3d6ea83e092c6b876085d8b55a2bc
25,wole-the-pimp,4d94d4f7-9b69-4e43-9db1-1fe83df92857,5d1d4c49fa81e40225ef71517030cf8bbd14dfacadd69c9fc175cc19a7647288
26,saro-the-baller,d35a7514-8996-42fb-a5f2-5a603ec679c5,4e85155c857ff43f92169510848f8b3cdfe74c72d216d0807d1cdd04b31e151c
27,ade-omo-yoruba,92984fa0-310b-4377-8a10-15965d044383,06d1c704604c70f1cf846ff8c157c7a5f58d0eb0fbdc39eb5c2c7e9658815cbf
28,shola-cool kid,3ac5c186-bc14-4eb6-8567-cc818465a64f,97f742b023739fac43ea434db61e9990c4a4338dc8f8c4f72e1b1e4d4dec1650
29,charlie-the-smoker,71a0aa22-d111-43b7-8484-43d87310bc42,af518b0e75462665c4432217ffd06ee29949d56a6c75c1164936e2cc923b4632
30,femi-the-badguy,e493e3fb-a8a0-455a-854f-0f6474bbc69f,9c8cb17407b8404837f43a35da11d23977f7bf5ff24fcc01176b86a279b6e72f
31,sinzu-money,942f8347-9932-4331-bd15-d0f3a048b54f,a5bc8f01aa8163d697687541039f72ea7b5cb1129ee7463e140042242e225dc3
32,obinna-the-palmwine tapper,0f1af056-2548-4407-bed4-abc11deae05d,d1e9fc1cd6de1f2896297c07162af106c1994ba3aee5009294e124620e623862
33,,0129e7a5-e3d0-4675-92d0-1a1e55d11612,e2ba6d2ae8f690f5f13a3c7484407d831fb70c480ece40b113481994f87836e0
34,sabinus-the-town crier,01d4ce96-818e-44b1-8813-68a7d34b35ba,065be763dc71b0ca50d3040773c6fdc26c3054aa08ab0756d0710890090c5898
35,adisa-ibadan,3a925f27-35f6-4dbf-9960-c6527fae5f3e,c26962508a534ef64281625bbdb576d5272b2466d17b1363cb4b88488f5c28a7
36,linda-the-navigator,71f335a6-5a4f-4410-9cea-179336f0e498,cd456a4b7f3bb72732d95fbe08d0367b6965db21b5bc12aa184bb0a2bfc104ee
37,kemi-the-iron lady,35b11a31-5b92-49f4-8fb1-30f255d22054,463dcb10847296cc9a6740498262bfcb532b5cc6ba218531a0f2e993cdf6edfb
38,mercy-the-sassy lady,7a3c70ac-927f-4a63-a3df-ab86dd27cd0f,178475a7e9d9712ff63f402dbd8e845fa85a6b68bb16bc4f08267413107e28d0
39,sandra-money,1bd95fb0-7b2e-4354-bebd-22f9cf70a1ca,da152b323543934b628c66978de1bf817127a8955e7fcd4c428e8c9e411900fe
40,bimpe-the-fashionista,92b548b7-998b-46b6-8198-80d407209483,48ff00492ff885ef3c2fab0ff9292a507dd92bb09ecd52c890b51473a851a11f
41,,,11318c84bfcb42499135454d8a47f3b3c292ccedaa1ed0c26c30eda5aa812630
42,,,cccf73e53c3c743a4bb9753e54bb2ba2f141338cafb468ee6267eccf067e2bc7
43,,,f8d2ba299fb044c3506c6c4b95787a34fa83ca125cc5f28ef88ab2cd221d62fe
44,,,81a4647e44cf14ff38302efe192120a6cab9b7738adad80c412a12bc4920fd5d
45,,,c2bca863b733ef8ced32fe7f8a7d3634fb5944911355e41a7ab0490438a93967
46,,,730263841ac315bfc45ef18f3d5e4966e704fbd7c95dfc6585a652868db75d72
47,,,2d394ebb8cfd4b161dc377dd7debc8ebeeccf9ee84977aa85e0ebe7908074d0e
48,,,f9b27c71c8817289991c5506b736cd1dc11427dc1f4acd4406ac79e1b41a04e6
49,,,00771528dbf1c1b0f74c84f9ab6afc1902916a3dc28cfcf3e2113ee2d2b04c1e
50,,,adc4db5655a497c5e728937981b6278740d26c6d42e8944873bf90675b2b07de
51,,,e473ca9f5abb4bf7d5db8193c13fce8f5dc13c9a59c833aa1a8052c89593039c
52,,,fdd17d6c414cd21a8ab25f1ba34092ff9fae9da949f9ec655f8903ff4d5c5ce7
53,,,155b9ba3d6b18eeab6010f155b3cb7630f75463e5c9d3a8766cc0a330d563bfc
54,,,8a401039eea50e0ed9ad24a689ec259fdae26cfc09810bddc829be945b7740bf
55,,,b22e72a333722a4cefdf10c4cfb808b76083770b297d0b159eef0549333c21ee
56,,,90512e99932c9f03251911e217e60e412f1de9f4564770e3a5705a27bfa18af4
57,,,4ce98b35373a685e785f7e21306b9fbb5cdb95d487265d68d4932e0ac72f4ed7
58,,,8f182b7fdfa55ecdd14692b42609e446c265e31633c8f6ba20ad72c4a136c02f
59,,,ad9d30fb443ba58d646da99801cbb820af7e7808968346bb3440dc53b14d6502
60,,,2617e91e5027983f49deae19074f0d67a4ec0a6b9da762aa922fb96081b7fdf9
61,,,e5b161fb8b09ec40ec68adc2fdfb73f1b400bac6f366168652c189fc14e6b5f9
62,,,422adaf8ca825ada5bf3e8b73c3c7ffdd7fe28156be2d2da1f7ee398ca727bef
63,,,41e8a8ca13e4f6fc10e923b509bc554f863f4014e2bf834519fa4eb106c27c47
64,,,e01305f3b2e8b139cfdd7d3db6a901b3e498f57c8985c82844c742db8c320a22
65,,,2f34d75454d16ee364e489e000e4582453677e544436d658c6fa231b5f8b949d
66,,,08b4b34730a61298ed5ef47bf8696d8e839df20f33587a74c8d08328d69d83a9
67,,,6ef4f76c314146d634cf0fe25c8c3325db59613d2b6502713247922b5dd7e45c
68,,,5a25fc67099d5c8a454231a44bd04e4ebd9799c178cf31547a7b60267695af2e
69,,,30ad0dc35c62dc358605d00e0f0b84480c0cca7797927113760057eab2d0e803
70,,,e2d2c089fc89fdea65778fac438c776bdf92b5e725ac82b7946a4f71843f0923
71,,,a41f8426cff3deeaed099363c9d236a4501f3d8231ff3bc1ef6f5504664548b7
72,,,a0f8f4aad77a88b471313074a67f3449ad242c25b897e561426e13abb774e67e
73,,,5d0f8d5e02d05a95f43205eb3646808e6c0f6e285931e6ca2eb52ce7d2b35d74
74,,,d5af70e877ee815968e5ee59b67b84e1bf1fb88e4abecdf69ef1ef786b1a523b
75,,,1242968a7665799a1a561f60eaea86c5f63f492d50ab3c2a69a61ff8d0539c2f
76,,,6ad8bc9c60bb4b2a0fe3d249320702459d1e9f45e4f7c008503bafbd3073e70e
77,,,feed95d59598099e1748ed4adf28e708620865995cc09449cbfd5c53d27c5629
78,,,30aba013129eef2441ece97a487243b91e0a4c2de35338f5d284d61fef23c901
79,,,c34eb72daca7a284ca90262cb975ec9b52381fbf7349ca5332bac700e81b5416
80,,,63adf161804ce0b3646d87373a3576694907172eacf1ad00e6a7f4977d8b61f8
81,,,0c2eca509529754311a8f048ce0654d5a7ff3068a9f266a1548ee54155bb9afe
82,,,a3d597c3fc07db97defb85a8cb6cc288cbc2c873ff121d5d2a087cd175df1ebd
83,,,6059a6a35afe503275ab0eca05f6c34d7810692694f1d616177569482604d6ae
84,,,91216e53a57301937dc53e41dfc4f96ce4a8dcb3c398ccb075f57597e50ccde1
85,,,e4a9ea6b9c50ee39aa48ec45c60bee22259edc1438840ebc2f955b35c788d9f8
86,,,3b2788ebde0710dd9cee63fb51f46380cabe9159e403dff74562fb9bd7efa44c
87,,,35d586985917bce6b26d178ef265e2fdcd2ba98a01b7f0721c904a1d3785b437
88,,,968550d17dc200ddf449b4164865770b4b8b07d25f88c75ad21f2656b9fad262
89,,,ff29de81cca52fccd1fb554fee09da4c23651522c100662f3bfd9db9b042eacc
90,,,2d2a053873d65aced7ac81bd30b5c3856bf16c0fe41318915a01b68d29511f7f
91,,,23da39c294e735e8bdef3f45a8254c416ef9b903b6a55f2af41c8e7f4e96eb2c
92,,,8145775653c16681dd87c068d60e606c9df977993a4c3b1649d9a47da9635603
93,,,ca8148203a40456ca20e8d1beb17a092d715cd5005a02e4b09571a46e28d3560
94,,,bdd7c612311995071598ae03a832313f4c88da255b4cef580690670dec92e184
95,,,001081b20404800e2974cf7a0fd3c35b9bb58f33ae8eb1006f937a07554bc561
96,,,2d38fad7700ca7fb9900b9f0f7d93f83aff8b7429c80a3a6dbbbc9b4907a4fcb
97,,,47b5eebe10e390fe0b173b1939605a0cbd85d5fa9f857a3ee031353e507395a5
98,,,2c2b3255b0697942944cbbb6b847a33b40d641fd2c369bbe618b60e9614d02c9
99,,,7a0a791e1bc881a26c520a9944f806714891b0e8d43b4ab7fd4e506c0c749ee5
100,,,325a9c551035fc595a85d6f95636dae31ecede1d83d9cda0729a6e5768b0ab95
101,,,cdbe1f7e43b64f1ceb167f6216106eef5965a7af7248e33862f0d26c40c273a5
102,,,9bf0a632fc184e6adb17252c86eab65211c4c2ff557dee310a7ca52cdad17699
103,,,d40e0ed257598cf3c37c8d45167208b42b79a19b5d5c31bbd090a764796ed82e
104,,,1ce2c89a467b60c2389c18e798f9944c76b08b17157de83e7ce1e10f651874c0
105,,,988cf3477d75118c971f8ba0da2cdfe2be9aef3af16dbb374023d872550fdb4c
106,,,6612d3885e47d89fbe63c2e16749c6ed94ccd879688f9d9b43b143a6e80eb664
107,,,359dfd29d378d65c00d107db7e2bdb820509dc081c8677f250307b73d69c6229
108,,,73e6f3dccefbf8b9f749edf94167f0d18f7c37b08fa5ffb5f7ad42000158ee2c
109,,,69148ee2d9a37cf98fe30826903df93fba09ddb2dc53976fa28b2fabc160396b
110,,,cd8c5047c06abeac95075531b9a2784f618603365714c76686751623efb9dc3c
111,,,99948bd23c37b18d6969a5194cedecc3741057001d5e5bd3b5f89b403cf13bf9
112,,,289dfd6ef4e4604d5f8834ec6454d99930395f7a2a1622ee95a30b9f8c3e69ac
113,,,38bf2c9a24e245c7fdd8c2e9577deb6283bad031f8da018b156e8f691ebb7327
114,,,0af3fd4b8140a74dc4cc4e7bcec2e2953aa23873dd4f8ca6c2a30d032d9b1a80
115,,,ad048af30725ea2c61d9186392ca2593727ba6cc557a021ea628fcc63bd1b948
116,,,bdf413f2bbe80f35fd66147d5b095fd8f8e8ed35cd7820bcab10976b5053bd1a
117,,,7a3d669c6783d37d44f00969d26f6715e9d301493b8e98bf991c51838c5fb2d2
118,,,8ffb349e4aabd16d7fbbb8aaa34ef5d7418accc58ee086326042ecf17d11b024
119,,,feaf77899445505341bd10df59372589a8bd79bf4d766b71ceb1b0d670196785
120,,,645179566fd2fe7b2b20e16653546a578f1aeb7b5708f9bd4e45a5cd1acfbdc5
121,,,e029dd4e5b5b3e0c71d159f0db4aa50804700410272167cfe8580a92a317c111
122,,,2b11fddf60ad28ac5db93c5e927a182a12b2fdb3766b6cafb96b1cb596d52cee
123,,,f3513ad51c04e6df8b446ea3a6a6e7dc81ea587a7951113a4ffa668b05ab79c2
124,,,1ca1e190e026c1c76a8f39e61548168b1dcf5f46785a22a2bfbee97b1a00c199
125,,,686a9850d9c557b3f7a3b304647c3a442f1352549f3a51cb5c0d7532ba647f1a
126,,,570c69fe2019519a7040d1a67adada79c4a6a954b3c9c29f776bd55d7dd60b83
127,,,5a5dbd1045c9501e10ca59c548272d5a26a3cab290caa5b97b64b9b8b361c6be
128,,,9d39410a049a81473456be7d79b7f0d52681d22004f31936aa84d3fe5c48830d
129,,,650bfccc71a677b22cedd77380f9493f1f698f789b2e0cdc957a4fa9d1ecacd0
130,,,1d2a5c74f17d218ee33ea1310bd2487e118404e522575820aca1782df3c68e6b
131,,,5de163a2cf7074d1a60b11f301d1001045a93c78109a18cd41c634b32c2d6871
132,,,bd322ea1f581f604b392084aae0a3618c61febedab74b75f398116cfb998a798
133,,,c33251fc1e07bac43047033d53b92546eab9fd544620d51433904b34a33b3dd4
134,,,260bdfb2da22289f19d935f6df00783a260d7e9601360c21cd93a9207332a255
135,,,67ecdc802f960351651fe20621cf18660a7c2024893f3dac5460bbebf5eddf0d
136,,,3fa11c4821b04da237c89faa50ee637304e420eba46dae3e1134420304223e25
137,,,cfe1dc5be016a0558d8181287e381c4d6cddea17477172edb8fbea26b2727c83
138,,,d65c3dc5e57fb3bb190f4578cd64c1b2dadafd90f54f74cd871854640016accd
139,,,c36995a4acfaed0f3ae49b2294eaa324f2dc90b16caeb92f4962d494a712efb9
140,,,c86ca3345ad809ece6f4aff32a9c155f5f24b218cc599f7004fddc613bf4ed8f
141,,,2cd0a8a620a52b050b87a20009cc9f603b866198737ccab783be8a55fbb9694f
142,,,df4728c04133306e6655f8f2ba6ee7dbe0ffb1377a2aaced8e7bb048c9fc5b34
143,,,dfc63c7128690d24d053fcb5639b29332840d6dfff269df2c081c5e8a70c46b0
144,,,f11b86e2d3e2a8c446450f6ce0888f22c52d3836fceeb99a034f51018cb24ed1
145,,,43227752cec87917776d7fc1b9581a773168d0b79de4f217d6b16f4a3d366273
146,,,7c3a288b0c95d95df249e33c189e6138b7796bade2dacaf98f941b7fb033aff2
147,,,221e1efd21dd110e5c7b83b922bf2fd69b28a5ef029e285b0e86d56067bccc7e
148,,,8bec29926362e57f7a72ff5b232e913a9e3e23ab3b7483656bd3b43f6d92538f
149,,,3a67f002ed60563dd40fc1aa65c436484be2132a2a997ca903eb3be98b3b49f1
150,,,35449d002b1d6e19bc24870b76a187cfbbf29d9ad815edceef0070ab8d75c5d1
151,,,2d07d5c61b93104ee5add2742fc37f9533856aa5990f4e15b9271eb4e50c09e5
152,,,833313e17e96e7dee12d6d6e8190fd416357794aa21ff2e5181140e6254b0f11
153,,,3f73e43417db655503684300a11072267fc99e476ea98da0e6ee1397740047c0
154,,,f3d576144bcb698e612cb32fd4ee53d3ca413eddccc8e8e51050446459bb1139
155,,,927012f91705c3f45392beb50f672b40b87d28f9e758ee414aee43e4959f355b
156,,,d6ec8cbb0c85afb031e86f92bfe1fe9877f1ba4f634cfd63eaf2852a41be51b4
157,,,988d4e6afc7eb4b1892c9f81cd8d3abcbc40fc89689920ba0c4c0e2cbff74262
158,,,a5fa747e0b3ba9e098aca6c7c2be6b4a19dd7f569d3d85bf83cf1b4156f8aa09
159,,,94655efd071f04a7e644456e9462b1d665a7a301d3d76e92785aa976cdf6ec6a
160,,,e4f08cb5c9a513bfd02a11824ecff8efee95dca8e26c0ee6e3c229cbbc14213a
161,,,9a8a1784deb3924dcdda12a1cfbc16675f3711ff67ee027a1a65195d56ece00f
162,,,eec2092e856f0df5feca6d51b02fc1ecb5a2fcbf587ca71b0365925a2ae3e11c
163,,,689cc7b19fa2c84f910a0af56a6b2716252ce7df623c28497ae58f569c3b98d9
164,,,6dab39c2422f18445e520b3098259fce704734a3f89dfb19a96098dd04191fe8
165,,,023c3479a6392d923009cacfa257e6db48ad3bfbeda9306a42d2e469e7e3487e
166,,,3422d2e469b69b969906de026d506bbe67ae09314726f052105a4b739d0a6026
167,,,75f197f6764e83af6ce80c436f34896a69d3c78bd9c7249fe77d7509cf7c30eb
168,,,06ef2dc1701db39a425e1f738d54822d6c8e68806015e0abf1de74f598cf2c54
169,,,9258a6d8d8d35291fc097059c7c219af124b82b3f5aad4c8532c1749091f9c9b
170,,,c4bcfc0ee75f4675e8e656ff252aaf56f22a0eb18b244118dbe60139ce14ffa5
171,,,28860eceb5643caf964e5d384a06c0338319afd55543eb152b097d5b1134cb6f
172,,,b25a6d0bb0a479767785aa49aa63868d7655e498fd317e74838213320e9be4eb
173,,,cd1e4aa04f8d36a7392b15ee68fffe791c7836dacac517a010d025beaac2e934
174,,,ccd5f3ae8a8cbdbe708e62836b19f1550eba66a30f3fa8e2ceb376cead582375
175,,,bce515cf6fa6e78f539f2e75b838c8ce9d30cfd9d45068408d0e8f2eb2376c95
176,,,71900471890e31a6ed81a71a8c8c500fa432387b0d924ad245d0a8430290d1c5
177,,,ad5d9a401500b527746c29c72f7b5af1de41305da50e5682422bdae931062008
178,,,c0568ac19404225917dc2e21597e4e3ea41eedceff32ef3bac82c51000b54c9f
179,,,474d1a2070226a3495f43fbc5832597a9086eb7f34b1f4f24a8632bcfdbe233f
180,,,1faf71f3b0a8abcaeb540faa33a9c1310c851176c782111a8af3e4b0c4fff925
181,,,159bbddd4e921a489060131fac892a624994508d26446092ebae10d012e0ab04
182,,,4b949b2a567b5c9876ff0c8db4676cb4d133f20b897ef2b946397423360b5db7
183,,,a14939beacbe75a1617d4a8ba16f0df80890c44c78cf8659d9ef2a820aee8492
184,,,b4f423d92e221affb5ae60d1053976e9141cff08fd96803f8aae5b70645143eb
185,,,c1ebbd36a6d908d6e96f84d56605779044e72458710207f792548babff4d911c
186,,,a60f3bf96abec116bb38d120e365e459a6c222fdd8d60fbbffcf1eb7cd9852f1
187,,,1bceacdab84d0de13b6d163bc9a7b2fb8e68513a585a83e1449517d22c2f75f8
188,,,7335d645d522438184efd0ba5a3beb36f79f7d0607502c3951dc24837f3878bf
189,,,cc4331fa548d40d7c5c07132e2f7b2b54a530fb9cf5ce0b558573983ab57d17f
190,,,1e5c1f920b9a3c21debe5edefa1128fde9568c07171e91390d4ccb34e66ec3d8
191,,,ae7a7eac07a8cc69289efe9d6de6a0a4d2c06bf858a624e5a2008b0abb45f368
192,,,e8d1bbf2c1735313d204d14ec00e8aeb248c8abcb9f10977da2137825358d846
193,,,d9f4f522d43f0e35913088b47a6a376d199c648d639b0de13be08f8ab7f37071
194,,,45b053b9066f98da54bd6f13d0eec66b2620382a58af661b55ac6a111efb08ab
195,,,814f0dd6d2faae9c43ab1136c647728e534f1bbdbddadff8c11457c3ead0fba3
196,,,4874539b1cab15b1915b4d30d41fa1bc0f2be6db6fe9a8f41aa94d4298e3ef00
197,,,5a93530fb7403813c68c75f8a47410ca953407b667f66039049417f49dd953d5
198,,,73bc13ca5b3759e87fbe9c1962f30c4af26e0fb2e0d7882f1039ee2f280b9704
199,,,26478b6db47e0ea33219cf8a8d210290fce25f4984816213319b0daa2fa868af
200,,,75be1268c69d093d20cc6c22db1ce41b95a621ba16e84b59f3d192c31fb5feef
201,,,0b48cb3d30736aab2023fd6996e5c3a18b1539bef4716c607587789bcb3e9c57
202,,,d1a326eb13df41bb84bd55ce663d5abb2d344f287daef13aef46dc2bd3129a83
203,,,6f59c4359430ea9acdd3a2b51fdd58872189b9d92a4d1e1fd153460093bef320
204,,,71fb6817c5efa60aff977e6819fd8e39b896056eb1e6b62544d0346bd1ba7856
205,,,bce1a062f97be0205061cedf1bfc198843c15641cdabe35085a67b0e073f03db
206,,,41802475c42fef2a89ab3ef810793f8f7b34b9fbd8f9de1fd032637de1e04840
207,,,65c7e24904af72ff2aae1f34f78c41f2d223adf9263b734682ec8f700ae72041
208,,,44b99bbdb998326cb20cc39002b99cd941c6d938d5a07ccd790a5cda49becb96
209,,,bacf2d6310a2eac95cd8b12edec79c0cce63204049a6b5f5c9a5f7471bb039d8
210,,,e294f39022e30b09ca9210d25384ea07d9b2f0e8984e97fdda6029bfc3bf30f5
211,,,f9e37c803b0a85e3b10ff609b5df2631572e5713d3d2cd0c259b515bf4f8f496
212,,,ca95bde34609769b7c9eeac70115fb462baba06802d13183ebb8d69d3caaae32
213,,,94f84ffd42df0c58b953ed4c9a4d216d13268f1950d8bbaf680dcdf128e231f3
214,,,c4af10a69107c4b19d24f1e09391902fa9cf23f5aaf6919709d6a720cbf509bc
215,,,0bc0c669facebe05cf000f7dc84fba81d13ee27d75fd3043e205d1145cb01f7c
216,,,bdecccf9e924905941f90404d25b4a7b8cf820f60c997c6812596f4ea85c9f52
217,,,e24cfe6919ff15782acd644949200961a023975f4c5168eb927b4ed0e0a3d87c
218,,,15b7857f58e42ba1b18a2716a3d138bea83c3c819db647f940333310af5edfb5
219,,,ae8fe11e74cd281ebd12a6ea70e4e6d4a449f1c520788a41d3265b18b758cfda
220,,,496c44b38b612d682684ecdf345ce4c93a8fefa0a94888652eddf019c895f157
221,,,4b61b2239d8a1f53ec86aef61f8c5b0d73852fd2c87c4613be1c863b62ac45e1
222,,,f4c8eb1a56d46db07660022111fe25fafdafe43115f4357489acfd4b8f60331f
223,,,12a82cabed835e75f3f84bd97c591cac5aaffa5866dfe28629bb7803d1214935
224,,,f0092895ae468addd44a287fb157c0d53019844e6e9446a7158f9b4642b7939b
225,,,d1a34510b297c29050e67634d712f9f4a8c737f2a5ff7619023c53d0c5f5961c
226,,,2e7939d725bab98c3fe7045d7f6be7c2ff5102837ddb168c1b4a8717e31896a6
227,,,2e31818e79259ea1a1f3600adb69ea90b34047243bd2816572b330b0284822bf
228,,,d6d1ecd3896266989b27e0ef01f38696dcea08dccdd2307583f847cad2109e58
229,,,0c2f5a71bbeb4e9044c7549e3a89c758a68d2b4e4c040dfcdf4d81db6b402b1d
230,,,97dd5ac3b619056ab541acf5b22d60f43b1976f436c44b34fce65974f70ff220
231,,,926e17262ac61bc2791c7a7c3249b45e43834b1ebb683602ffc28d7cc9c31adb
232,,,8f6d3aa4ecc6e3861d7175ee92357711117aef907b5bed6863b0370f2e8a559c
233,,,ff1d3929185750e599afba024b6f262f6d2b3a6215d02ae2c0b417ea9c693d7e
234,,,ee7da3b830aa0d7271119caed4d3e344a3fea3b71b3fd8b1f0282bc0ca00f5e6
235,,,b6722b0a919718154df1cf05773529148aad0f335c3541b23b243c876a4d824b
236,,,77ad6d718a87931061189ff810255339f11561440ce76718b2a01c5e2d48c607
237,,,3442dd2af4bc65af14b6e1fa95707a31a7bb17168a6fb03e9a34d20f3ed0abd7
238,,,34b4b243cfcf00c28fd313f8102b6784a1a2e4f361d6be5b10dbfeacdd94fc3f
239,,,b2eced0e6dfee913965cfaeb0593a32d4a696e05a0e1a4a666d7972505631c2e
240,,,ba02ec5e5a82ee534c5f585f6581066e683330a4af09737172b4c905157b2bda
241,,,55ff97024495067df6496399a4edb4d1ed883143371775be0898c192e91762de
242,,,67c942d31ade02c78579809ddcf3f37773cd27c005b1ac3410bc22ac0d971b46
243,,,375f27c5fec7cc16b848059025fc7e922916b3ac337cdedaa309df563e2efcf1
244,,,33d83ccb65ad9aca967d0a818121930e236f18c6f8dd62dc9c400347e9a478cd
245,,,8d00d5c153063d6dacd0a4d8b64f8b23d073b280ff3df034f8141925447e646c
246,,,9fbcaea2d43a226ce8379dc71c5d0c38a0f2e86b8ebe72da4b3623ee61334832
247,,,d8fd579b8675142be801b44a35b3cf28164bf2849b61580127ab5b1fb193e9a8
248,,,199f47268eb229ee86cbe4cee2ac60d3fa3b12fc8498fa53df3e8a4bbee3e66c
249,,,badd588dfc403cc33bf06e36a32207edaa055c827781286ec95750d84457cb7f
250,,,1b881bd6e3a1c25419aff0677c336b1b9d532620b8159d32cfc41fc536416fc6
251,,,69b554334046941b2e9a49ebcd9d73091eb2ded382e848960784fe9510502a4c
252,,,29017cf117faccc471b6ed24be4102027b3d0b13259bb8c0e944ec5639319dd6
253,,,1eb081d7aaebecea2a8dad8854efbf97be9278aee86c550e1987eadb5c516357
254,,,bfc44e1a16e9bf4832cba101da5e25f7f6cadf394b13d3709e0655202ffc2aee
255,,,9729fcdb4ebcf84da7f21a0eca81c004c30744cf2b1f04e8b21441535f1a827d
256,,,99ae14b810827f128c1abd1a73491f122cbc1620b0a8da5afab3657464c42454
257,,,b864fac0ef7b83023bb6781ac82a4272b038c512cc4adc0be57b2d6842208bbe
258,,,9fde8df2457baab3edf6d30ad00a7e2ecd3a3c3190b75cbe36a203768a20bbfe
259,,,3019ec73fd987da0cd5bbe7e8cdbe8ee456eaf0c8668c8d42bfb2238b8045260
260,,,a6eadfcac598df431dec8789ce81f4247dc459155e2ccd04cf22dff1b9aaae86
261,,,4590e3415e104202954d1a00fb9d8e6b42edcf08a253f8ffc5a2d0ba06340c28
262,,,01866729aa944693b41c2b2de932de8cb1e3a9d214fd97270081771c04e15259
263,,,8ec2c707fe588998ed0ca5da26244575d284fb3ab92b83bde62f77b0e239d11b
264,,,1c0a46c9a779435b761b69dd82e87fc1c9ab1f39fae4e860910a57e290e1660b
265,,,d4f7419354781d1337dff5df88d57a4ce9348b05bf622f362091eb2f790d5865
266,,,b4a3d089285eec282a94a70c74075a6d4d771b3dadb68a54acc87144200b6b3f
267,,,366acecd09e0b8ad1df51b5328b05533cfdfe7ae14d2b5d9897a74784641ba88
268,,,932a5d9defd503ad3bc92c73de33539d6d9a0657f36eb730006426ba4551def1
269,,,b7ef3dcff63f27f6c51199ea9051e9ab37b7250a5782b723a245df050d799507
270,,,6e1d8b894f21f53b4481c47956d3e66a8dd459ed39eac96eabda5215ea0927e5
271,,,92c3e7773f535ddb5a1efccd3df455e9fb910c30ae41ca38ff049b0fcf75f95a
272,,,34c00b72a35c3dff7120e8ace354e00383f81c6c3347c7ff147f07f2d71e38bf
273,,,84c71543ebde4cfcd5b29c128ac887a8de2cad2dcf3a4d6f7c3a58bc10604853
274,,,de65e5ed7fb293df2f5cc579ee2c782d4fbc89b7cc1847f67e0ead3cf4276542
275,,,4ffb3112b8d346471473ac496ff5511f3a5dafcd19c8677b3f37440370bb1b93
276,,,a692556d3b5849fba42840105eff1aa3bf6e8f827bb4971327bfe0b7cda9e5da
277,,,060853193652ec2d6f8c3ecada5d4247c7e4e5894875bfbbbf65f17d70e8cb7f
278,,,46e6ce1dacb931bdb9fbd80b3af407600d77bf3c3dea44855812c98a16832738
279,,,6f62bafc469f5e305cea152e08c2846aa369a4ad6ea35b87f5c56d1f5ab27267
280,,,d3651522dab502b8895982d0359240c9b396ba839f57ce064a6d42b7ec388367
281,,,e86db0d0c30407a3b529f8fcaa4eb547c2344ff5ed75508c76d9532f08adfa85
282,,,7e676e94750eff92b0557351b16fa1bc2bf94df907e0f59442b4a01f79661cec
283,,,4a0f6700b4a5724bba93dfc5d957175f1567733316f38e2853171469c7f68a62
284,,,e810fa7ad158508ed39d397cad01a9131193d5f4bb7de30f65fd84fd49e2611c
285,,,e3baabc03b9675a330638f7a876cfc26c29626edf970825250e987ae83f112b2
286,,,dde7d0fbf2644cee49392d4ea974d2a8f11fed77ef07933b4469afbef9081968
287,,,c7f44a0a39db2cb2dbc87f2b2720903e670b1e25889fa603e0d25d0176e1484b
288,,,40f91595f32938a550337f5e156d1eb7f31948c0b72b5f2c8954a296917d4bd6
289,,,aa090b7b1713b31b5427be116ec4dd686805f416e19d486b046398681b9bcb0c
290,,,878e42f566da685a22e19a075ada7d6e07fb1f5b491f4a5be8627d267faa93c9
291,,,1536a82446bf4ef7a95f2550f1230d4dfed1e5eed170751a3da25ef37467894f
292,,,6bc9d71ce9d7be7084cac936417cf44b69b0ece8d1d036b5d49de1de77fa6901
293,,,95edbec189642ae4701efdfaffca5ffbb3c1e0defcf15349722e53bb33fc101d
294,,,3ac12227438918d6bb4542cde1b132a3ec7a0b329cec6fe66eb8191536f309a7
295,,,551b88461e51f436d62a2d3d208d5944bd7d234abdc3eb145f76ebad3db3e044
296,,,c0f96579f1cfcd0f485225eff36d5ff8bd74cd833f55c9d7b8db44f2bd100cc0
297,,,75706c6c948ca113dc8a31ddce6d50bfee9758cb0b663383b262bcffcb3eaa23
298,,,13bf76b10b1585f2b486e2a7a6ade51d22b8bc29456cc79d9979e1aed6f05d46
299,,,8fdd24f3dd617662e044ac377679bb371e913eba0fc60fe32752ac8a89ae0904
300,,,26e4dece5873a8a11fcaebdcf3840e1aca1986f74ded22229cacacb2c559e6b4
301,wendy-the-banker,587645e2-5ace-11ed-9b6a-0242ac120002,19cb227325d9f357bd4a46771a73e42ba16205f650db09c46667c13cb2db8856
302,uduak-the-dark horse,58764862-5ace-11ed-9b6a-0242ac120002,24d4f4b61b29bb398d8aab61eb8714d659c37173169afa5ea45c85acad069829
303,timeyin -the -eccentric,58764a2e-5ace-11ed-9b6a-0242ac120002,508f57bdf9eeeaca5238c79b22fe9ef8c812bd9916d45f5269ae3978777af3d1
304,omawunmi -the -businesswoman,58764b78-5ace-11ed-9b6a-0242ac120002,a2b162809f12976f6a82aa2da7ea65cd5343e4fb4812cdaaeca0abaf46c5f1ba
305,halima -the -housewife,58764d8a-5ace-11ed-9b6a-0242ac120002,ea21f515df7e2dae2312e8690673e7b458cef08843d685fff3a0b21eed1721b7
306,muna -the -block sister,58764ea2-5ace-11ed-9b6a-0242ac120002,b6bc09beb42f343a34cadf3c08f0785ac8f57c30c16ab882315a3b3b519c7031
307,stella -the -gossip,58764fd8-5ace-11ed-9b6a-0242ac120002,2167fd4ac1d467d7f226cc321fc2a919ba92137d358d572752a7cd6deadde301
308,agbani -the -wannabe,5876542e-5ace-11ed-9b6a-0242ac120002,77aabf947bc20e0096b067f0ea2bf736a0590776030fd52254062ddbe7d94637
309,asante-the -warrior,58765578-5ace-11ed-9b6a-0242ac120002,a01e59d6d59f003d4229721404e20458a68c9943b0edfd9993cbf79b78f59a4f
310,hilda -the insomaniac,5876569a-5ace-11ed-9b6a-0242ac120002,d0faba241a497d89a70d3c4ae09184d441c805c32fb26799cdf08920d110d951
311,sisi yemi-the -street aunty,587657a8-5ace-11ed-9b6a-0242ac120002,7ca3f365537b172c8e584b1975f145a372b0319764bb5af6e4e31db4c052dce4
312,chiamaka -the -bully,587658ca-5ace-11ed-9b6a-0242ac120002,f86530f7d7e862c341d8915cf9b0d58329cd64a1e7d5dadc48a89eaa5cf72a4a
313,gift-the-fashionista,58765adc-5ace-11ed-9b6a-0242ac120002,20eb4838aec4fcd07b67c17cb6b9cbd4b09b7363b427fdd0eab99e3e0675e816
314,omoyene-the-weirdo,58765bea-5ace-11ed-9b6a-0242ac120002,8ceeae61b39a8a77bb319ef4d74d4b5a2bf1e243ff222441a0976c5c4f25737b
315,maria-the -freshface,58765d02-5ace-11ed-9b6a-0242ac120002,4b38a84a494bc3756ac3568a379edc1be6e170d38b783a63e22627d9451fa849
316,monica-the-smoker,58765e24-5ace-11ed-9b6a-0242ac120002,f9398ba7f6a5cdee5f3544882f33da23123ea313eba3bc33b31bec13b67d7ee2
317,,,fbbb3f00092718054b6a81a5bdf78cc0c326d135acf0fa1ffc92cda5fb786e65
318,,,693f4ceaabcb934931b85dcb8272cf228a06f67c44789462c2edd5eea6799c4c
319,,,6de07068687b9fe5beee1fa8fbeb197c9d73655a9f0036cc554e584d768c5b93
320,,,ccf079dc8a098d745501265bf124315032d992a5e8e9d0b3d496dd13f48bc27e
321,,,5d6749151b3acf7cb5dfa321f918afbe179cc3bddd62b0d1dfc23ad96c3ebcda
322,,,e21f6c94d85898cce6e73e0e472b358f766ea366380cc4a6f8ad125b6078cb7d
323,,,9030e35fb242696c090ed200275a39ad80d55c8c167f4087e72b8247f928e823
324,,,e008f9ec0146dc272c24c1ee9c4e48acd569f61004b48b1bcc701780c68fe412
325,,,cc7018838d05557e3f649d6a8fe5c4487d6fdd4bc3e53e86a70863c6a016c2c8
326,,,4ec7a864b152a99554f29fd2a1d6c4950deeb6399192649872b8268f53221686
327,,,c77e595ac091721d378e3b5e8d106a8c0df4b964fc55a91390ae59ed4ebfef2e
328,,,fc30667ec25741918ac3e699a909df20ad531e149fe6a4a4a04ebca58d4d1589
329,,,7156111ab4faae71d9983de9bd4ad8304ddbe7638a5bb51899441326df1ade34
330,,,bf7a0218c463ed12bfab1e862036230214bb19128fc01d76c7b99746dd405d79
331,,,edc27c4f08a642d4c8d42c14bc646866469e2f9f512edbec64277e5017904fe8
332,,,b7ea7b58629e407383a53a383b6a3d810f8cd7fbed4319b25c64e85808bde1ea
333,,,441fb3ddfdbe6fd0a65468d1a8c315d404f9460f0c3c2375463cc920c000b788
334,,,8a1a921ff1d23e1a33bbc62e0c7a2b7103713d3c9864f7d498da4dec978305d6
335,,,239328186328d63eb48a955acdb38179e1dff69b81853ab65f59d7c13199e140
336,,,5032e1fb9774f65ea6c9246be3efb581c1c8b766d73938a6e927a1435069853b
337,,,71f0b336edadc7f724a11fb3f381132532d24b7a241421f0cae8cf54d39a4f12
338,,,679551f6966ed6cca3ab981660a4b3355444b897a313b91fb651c330862e59b4
339,,,f3f39dda5c4349d5b661c8bb6bb8dcfeab8b992e0084fc15fd32ebfa9003452e
340,,,7c30e2ad2813db0f93f097e9e6e784eb46da5efcb4b8b39cba0154f531820666
341,mansur-the-partyrider,78db0f29-3936-4d9c-bb90-3dbf20dba2dd,d35531ffe2f0407d605339cbe0cfbc3efac8afcee572fc22117d24a9826bc056
342,tola-the-businessman,1c5d5a6b-cf04-4bf9-978e-22a7e9bc5819,02b3697f3f3731195907073137a4efe4265659671dfe42f2d8d4e7842eaed5d9
343,abdullahi-the-honorable,dd708276-445f-4483-8357-fc08e999328f,adf1e995afd777680445ece900da76d54ff2c00d8d724b45a33cffb2ae0e9cb5
344,ojukwu-the-badguy,76c1eabf-15ea-446a-8426-472982c4d800,832f8700880c294e7af06f964eded2bff33f34123e5c13e0d89df71cc781f2d9
345,odunsi-the-egbonadugbo,2912ab8b-5875-4277-a5c2-a0209aee90ae,de613ddbb5f6f81df8e2299823d2fd4a9632a9498b592a2a867cf736dca100f6
346,ogogo-the-sugardaddy,aa575f30-04ad-45f9-a798-199465117793,82fbd179110c08d9ee2e6900c5145e6a85486a484430d6cf36445c619f0c8e7b
347,suli-the-amalaseller,46fd4821-04dd-4f65-9290-c130a00c4c93,2e0ec939b8c066ed8af694e3ebfe19c10bb6305eef3e2ae70360741ce3d2d7ee
348,dolapo-the-afrocentric,cbab232b-5c62-4df8-867b-018a2e496cd4,2bbcb744a0671112c55ede411eb766be6ce2e2183a7e677f209dec006e06879b
349,danjuma-the-saddist,5a42af57-186e-425b-b6b1-f72bda4911ef,83a3ae3134b72b83826b132382e511f8d22397a27a767b359da8caf0a4a266b5
350,chinedu-the-farmer,9e8a55d7-0d8d-465d-a628-08ddd387a2c6,ce29999e982f68c514ea909be8e8db56fbf55661dcee924f7398924b6e8d7b59
351,kola-the-baldguy,c32f1757-da9c-49e8-bd79-510a42b6971a,bd4f0866343a0dbd330444745b90e5d16a2c9bdd91ace2c4a981dde399653eeb
352,bola-the-bosslady,09ff910d-a2be-49d5-8b27-b9378458701c,4d6718368b79711eaf1cc568ea749e62b4e77a9e2430141c9d93bf991fb80b7d
353,kunle-the-alienguy,dea2f5d8-e3ba-4d3f-9a17-0a7edfd0c100,97fab605dab907f1efbbf391b5c3d312bdad83f28f86d7f86378d0e6a32f2c94
354,segun-the-sharp,f9159a9c-f48d-4aee-bcc1-63c86209f806,c4f7cf5b28ce91b0860e153548bc318ae9a1ba3421a54eed4ae8e6351087423d
355,ola-the-hardguy,a814fc77-bdfa-4e50-8ba8-3e4e4bcfb3c0,af9812fcd75c94d4b6e059aded240aecfff86b49c0b4818ea55d4c70cde1716a
356,emeka-the-chief,195e89c8-0b6f-43ad-9a2c-d20f03439e96,01b3f2ce2e5de8dc99ed1bbea739bfafc6c5cd04818f015450a4bdb2a6892ccf
357,ugochukwu-the-celeb,74775cda-cff4-4d21-8819-693127598eca,f53730a475a6b3b3e76fb6217349bbb3c901cf38d2b6cbd0f03fc8fde93a24af
358,adekunle-the-yorubademon,5c98c2d8-3144-4e08-8a0f-9b8d7e4f5aa7,35538e643a4d8d050f3e60d2893826939a410c40862f5a3fa78e37c73ce2f465
359,favour-the-fashionista,19fc15c3-80fe-4d45-a2fe-be8f087d57c4,fb82c02967ac2140de4585844539415a217da824f68d3877aef1f4ab69395c93
360,jane-the-slayqueen,74775cda-cff4-4d21-8819-693127598eca,4fc249207d543a8747760b87748223d1f825be3da674bf3941609fd32a80ad27
361,,,3e9f206c2de7c9a3f904d95418a0a250b8e6996723d6000eebd4a2209e88f230
362,,,4f85b327f84e3612f104482c3f58fd892bfb3dc5fff09a4caa90a3bdf1ffcf26
363,,,b9c6826e3149d23e268b7786b5eac2283f176f71abac7a6fda37aea51b130a30
364,,,4e70c9d26632cd09a83f4b4c912e09ae58df7303fd01312499785d5837710f3a
365,,,3f313978e17164afea2bec8d52d64a445b8f3115395de06071bba9e247546b04
366,,,592e8e425751cb8ebe800ffffd1b0e7d7f95f30d4132434c81fefa5b8af20063
367,,,9b0c74ce8594cf27de04718ab5cfb2d990a2b511e608d1ab120f3cdf05020044
368,,,864bc58330a1a4141ff89cf79b30e47266f2a84c901ec7cb03314b9b848a166f
369,,,7a2cdaa61e5312effe0e61fad03f2accfa6e4f78c5ae131219e34bab643362b6
370,,,95069c3c40a8ad69b31f91f85ee514c59db9a2faa3e99f2cd862c490b25ea821
371,,,ab975331f18a98159a1da029abc331ed4c067f3aa075615abf64fc6aa4607df6
372,,,35ff4075a05ad35023e3f4a3ae9292ea548752492ac1be1721900b7336a4a616
373,,,b08aec5647bf63640df1892fcbcd6e1635b70132a4faa62d2d8205a36c3467a1
374,,,4472e339e55a98bcc4ddd48fc22dfe064c4261045f7d5f3b0bca9de5c961f1a6
375,,,f6e521be6aba7bf1cd56aaafe6b2ff320dbd7cd42682abd78d4e302bbe3f22a9
376,,,6e972eeda3dc8a14e3228047babb001b362c4812bf7a380ea792dc17946feef6
377,,,90f07b029e062329bdb3acdc40769211d771ca91444ea7ed33682939c337a5fc
378,,,9c0be70743ef4afa4a919d84fbf333388bb4fee735e47218bcf20d71f890a95e
379,,,3481b7505053117a69b42e5f3579e76b8989c181d250137489733dcb83573e62
380,,,bab90fb55f74b836e571d1d32a65e474fcd133e01f2d456cb4e8d14376a90723
381,,,f231ec640ce27cb5c1cbeb3456f85ba86289b8bf9a1754ba88c01b81cbd1a5db
382,,,e2cfa911d12e17962abe0d174e9b28928256da687b93f9af6120b49abef546ca
383,,,c039a503882a82bf3c13537f31402df92d096cee0d72ff7d162909fb41dfe2fa
384,,,fb11853b47272556fa1b2afbe1d75c956b0c74985940dd29c04695ceea4812f8
385,,,03b7c55aa15eba19a725229d3a5c3969a3314481266f193383c3f47250ea6fbc
386,,,3d442f9c516ac6e462ca977a6c385ff92fbb194d6b9c1618c2e565d22abebae3
387,,,0a3b642be2485d4f2ca3c7dd675819d5887b3469fda92f0d5ef3173b371cc769
388,,,81efbb30389d39119b5a9db9d675a5199753d62e4d310560da10610c26e62b72
389,,,624bf51f866d81bf3a4aac00039c9ac7fb68b834bda540eb09d90c17983a6742
390,,,cc50dcddd8938c72fe76f926c210a4c758a1a20ce48c05a4e6a01d6e11bd877d
391,,,0553e375fc05e4edabb0d3c8e1f6bbce326cb6a8225b382e7bc82bd54c705278
392,,,bdfc355aa1e0e06ae3d646c6b6edceac656a0b36be62b13910467ec39233e90a
